{"cameraMode":{"drawMode":0,"name":"Shaded","section":"Shading Mode"},"sceneLighting":false,"audioPlay":false,"sceneViewState":{"showFog":true,"showMaterialUpdate":false,"showSkybox":true,"showFlares":true,"showImageEffects":true,"showParticleSystems":true},"in2DMode":false,"pivot":{"x":11.293707847595215,"y":-2.049999952316284,"z":-2.680000066757202},"rotation":{"x":0.34921586513519289,"y":0.2763824760913849,"z":-0.1085992082953453,"w":0.8887447714805603},"size":1.340146541595459,"orthographic":false}