{"cameraMode":{"drawMode":0,"name":"Shaded","section":"Shading Mode"},"sceneLighting":true,"audioPlay":false,"sceneViewState":{"showFog":true,"showMaterialUpdate":false,"showSkybox":true,"showFlares":true,"showImageEffects":true,"showParticleSystems":true},"in2DMode":false,"pivot":{"x":4.611001491546631,"y":11.105561256408692,"z":7.251875877380371},"rotation":{"x":-0.36958038806915285,"y":0.21392102539539338,"z":0.08784972876310349,"w":0.8999614119529724},"size":24.555925369262697,"orthographic":false}