{"cameraMode":{"drawMode":0,"name":"Shaded","section":"Shading Mode"},"sceneLighting":false,"audioPlay":false,"sceneViewState":{"showFog":true,"showMaterialUpdate":false,"showSkybox":true,"showFlares":true,"showImageEffects":true,"showParticleSystems":true},"in2DMode":false,"pivot":{"x":11.293707847595215,"y":-2.049999952316284,"z":-2.2200000286102297},"rotation":{"x":0.07630521059036255,"y":0.7712162733078003,"z":-0.09416738897562027,"w":0.6249284148216248},"size":0.2857885956764221,"orthographic":false}