{"cameraMode":{"drawMode":0,"name":"Shaded","section":"Shading Mode"},"sceneLighting":false,"audioPlay":false,"sceneViewState":{"showFog":true,"showMaterialUpdate":false,"showSkybox":true,"showFlares":true,"showImageEffects":true,"showParticleSystems":true},"in2DMode":false,"pivot":{"x":0.09700000286102295,"y":0.3734380602836609,"z":4.474365234375},"rotation":{"x":0.09617909789085388,"y":0.011318943463265896,"z":-0.0010933796875178815,"w":0.9952991008758545},"size":1.9607114791870118,"orthographic":false}